Latitude,Longitude,VCP20f925h0,VCP40f925h0,HCP10f925h0,HCP20f925h0,HCP40f925h0
0,15422,2.32488364581281,1.10634392594872,1.41796350014364,0.592309978243611,9.93612625885674
0.915492957746479,15422,2.26169852063009,1.14547995904572,1.92541857093284,0.768369788076567,9.40565910975073
1.07438016528926,15422,2.25073250716863,1.15227216313694,2.00349704761101,0.798925622840965,9.31359456321167
1.51162790697674,15422,2.22055471818553,1.170963887574,2.21836417335324,0.883013385177096,9.06023864056542
1.59509202453988,15422,2.21479422524905,1.17453186091527,2.25937912513822,0.895803845592596,9.01187674753093
1.78082191780822,15422,2.20197559408752,1.18247155197302,2.35064831769474,0.924266026912931,8.91414113455711
1.83098591549296,15422,2.19913294376782,1.18461599214272,2.37529931750703,0.931953409771613,8.88774361191464
2.14876033057851,15422,2.18112557624671,1.19820040032515,2.51279012507391,0.980650756558226,8.72052294162162
2.16666666666667,15422,2.18011087537846,1.19896587094496,2.52053762296062,0.983394813400964,8.71110018956543
2.39263803680982,15422,2.16730572393063,1.20869401129894,2.61830819445113,1.01802380067404,8.59218852711395
2.74647887323944,15422,2.14725457543321,1.2239269734108,2.77140378692592,1.07224814694256,8.41797771543916
3.02325581395349,15422,2.1315704175646,1.2358423099612,2.87600740782927,1.11466283492448,8.28170871952226
3.19018404907975,15422,2.12211107176183,1.24302862431297,2.93909538683563,1.1345507495918,8.19952288810093
3.22314049586777,15422,2.12024352415155,1.24444740997471,2.95155077295718,1.13847719739114,8.18437482462618
3.56164383561644,15422,2.10106150773801,1.25902008790855,3.079482944381,1.17880665711636,8.02878553704579
3.66197183098592,15422,2.09643694519996,1.26333924046212,3.1174003791447,1.19075978541214,7.98267089210464
3.98773006134969,15422,2.08142130272594,1.27736323732701,3.22394580332514,1.2295707863357,7.83293975201196
4.29752066115702,15422,2.06714167920477,1.29069982254734,3.32526871027588,1.26647939564945,7.70031771762492
4.33333333333333,15422,2.06549091421615,1.29224156963309,3.33698192576026,1.27074613559139,7.68498623421705
4.53488372093023,15422,2.05620056241974,1.30062659742994,3.40290281290489,1.29475895107861,7.5987020717821
4.57746478873239,15422,2.05423781204022,1.30239808217575,3.41682976089319,1.29857402764964,7.58047302338035
4.78527607361963,15422,2.04465886770335,1.31104357981559,3.47500307187777,1.31719300563891,7.49150855710064
5.34246575342466,15422,2.01897552268756,1.33422414031456,3.6309790504599,1.36711475262088,7.26990315900209
5.37190082644628,15422,2.01788314439798,1.33544871699948,3.63921890931872,1.36975200582395,7.25819624605765
5.49295774647887,15422,2.01339054636195,1.34048500421071,3.67310677955499,1.3805981739267,7.21004950549743
5.58282208588957,15422,2.01005555027386,1.3442235977847,3.69435002838853,1.388649623868,7.17430867354781
6.04651162790698,15422,1.99284735824954,1.36351430590627,3.80396272222435,1.43019416935004,7.00344886753514
6.38036809815951,15422,1.98045745999204,1.37740361575381,3.88288386178614,1.45163713072753,6.88042980720601
6.40845070422535,15422,1.97941527371451,1.37857192624568,3.88952237704662,1.45344082270568,6.87087144751194
6.44628099173554,15422,1.97801133682825,1.38014576599919,3.89694895252803,1.45587058958534,6.85799531007283
6.5,15422,1.97601774644977,1.38238061844917,3.90749468971162,1.45932085855446,6.83971119490929
7.12328767123288,15422,1.95288663616788,1.40654624533789,4.029854133472,1.49935343138794,6.62756536554606
7.17791411042945,15422,1.95127279525965,1.4086641793334,4.04057801110218,1.50286198290709,6.60897239189459
7.32394366197183,15422,1.94695861209935,1.41432592401434,4.06924550369667,1.51224118119349,6.56321158229688
7.52066115702479,15422,1.94114694387514,1.42195290238619,4.1006344932763,1.52487596896773,6.50156685531816
7.55813953488372,15422,1.94003971191471,1.4234059850277,4.10661468538762,1.52728313336479,6.48982237692239
7.97546012269939,15422,1.92771071799954,1.43958601566778,4.17320394110574,1.54509242879132,6.3590479702456
8.23943661971831,15422,1.91991200228668,1.44982070797564,4.21532503212494,1.55635771394219,6.28316335661302
8.59504132231405,15422,1.90940629434292,1.46360793810937,4.26013686710712,1.5715332633603,6.18093862915757
8.66666666666667,15422,1.90729025104078,1.46638494049091,4.26916279699006,1.57458989884593,6.16034868405307
8.77300613496933,15422,1.90414864073943,1.47009475542552,4.28256325730706,1.57912797116202,6.12977956310037
8.9041095890411,15422,1.90027542255968,1.47466849986545,4.29908437276637,1.5847228548394,6.0953448997069
9.06976744186047,15422,1.8964276196865,1.48044772733605,4.31995989074984,1.59179235902089,6.05183443355857
9.15492957746479,15422,1.89444952384324,1.48341873864136,4.33069167112163,1.59388682709878,6.02946637701752
9.57055214723926,15422,1.88479568799471,1.49791836743506,4.37040116450785,1.60410860228876,5.92030202745678
9.6694214876033,15422,1.88249920928605,1.50136757553542,4.37984735848961,1.60654018383384,5.89668141285064
10.0704225352113,15422,1.87318499352823,1.51535711017344,4.41815987952642,1.61640235893616,5.80087930506546
10.3680981595092,15422,1.86627075974482,1.52574197944461,4.43840714781359,1.62372336008573,5.72976240296727
10.5813953488372,15422,1.86131641846869,1.5331831780053,4.45291517287412,1.62896916740353,5.68364415194943
10.6849315068493,15422,1.85891154167295,1.53679519517443,4.45995748402619,1.6299692166402,5.66125798483833
10.7438016528926,15422,1.85785106226117,1.53884897022597,4.46396170722671,1.63053783967726,5.64852932122474
10.8333333333333,15422,1.85623824982242,1.54197241978351,4.47005146334416,1.63140262054611,5.62917114531243
10.9859154929577,15422,1.8534896539761,1.54658729598286,4.48042978010771,1.63287640202682,5.59618045115198
11.1656441717791,15422,1.85025204414485,1.55202322377596,4.48821565364566,1.63461239002864,5.55732024698754
11.8181818181818,15422,1.83849731299618,1.57175934797932,4.51648368313857,1.64091521010345,5.43036110159628
11.9014084507042,15422,1.83699807889819,1.57427655317897,4.52008907344166,1.64171909091111,5.41416834674591
11.9631901840491,15422,1.8358851505187,1.57614515335785,4.52140677075361,1.64231583678673,5.402147958176
12.093023255814,15422,1.83354635388188,1.58007197910373,4.52417588518929,1.64356988625898,5.38084033963369
12.4657534246575,15422,1.8268320394666,1.59134527336835,4.53212557379426,1.64266185622921,5.31966954432729
12.8169014084507,15422,1.82199876657048,1.60196581037507,4.53961495179143,1.6418064038381,5.26204071995411
12.8925619834711,15422,1.82095735889216,1.60425417873839,4.53976049403894,1.64162208263222,5.24962364740617
13,15422,1.81947855998894,1.6075036618143,4.5399671640304,1.64136034651988,5.2319914043881
13.558282208589,15422,1.81179424912374,1.62152295738437,4.54104108723758,1.6400002821815,5.14036864465614
13.6046511627907,15422,1.8111560173243,1.62268735070415,4.54113028351725,1.63988732002715,5.13407822205305
13.7323943661972,15422,1.80939773366276,1.62589517230059,4.5413760129863,1.63835691172341,5.11674855076903
13.9669421487603,15422,1.80616936985995,1.63178501553484,4.53785537662885,1.63554694716571,5.08492974660706
14.2465753424657,15422,1.80232044120773,1.63880702041597,4.53365799399854,1.63219684359671,5.0469946455779
14.3558282208589,15422,1.80118953297845,1.64155052248448,4.53201807375873,1.63088795586067,5.03217337588293
14.6478873239437,15422,1.79816634450073,1.64888456040846,4.52763417430078,1.6273889855466,4.9977137365913
15.0413223140496,15422,1.79409378481587,1.65876429744655,4.51599322740588,1.62267549661111,4.95129290019018
15.1162790697674,15422,1.7933178856988,1.66064657292876,4.51377540836419,1.62177748843288,4.94244885890804
15.1533742331288,15422,1.79293390290467,1.66157808758458,4.51267783738651,1.62106357788572,4.93807205320195
15.1666666666667,15422,1.79279630907011,1.66191188033625,4.5122845411195,1.62080775993965,4.93672594789944
15.5633802816901,15422,1.78868981138787,1.6697345900736,4.50054658633382,1.61317285532391,4.89655134034991
15.9509202453988,15422,1.7846782728309,1.6773764065702,4.48430024448249,1.60571450112166,4.85730573505142
16.027397260274,15422,1.7838866370704,1.67888444024057,4.48109419647768,1.60424267184291,4.85076833794151
16.1157024793388,15422,1.78321031920776,1.68062571170411,4.47739228980861,1.60254320426958,4.84321984399406
16.4788732394366,15422,1.78042884292762,1.68778699715979,4.46216754688792,1.59555384467221,4.81217533367496
16.6279069767442,15422,1.77928741346576,1.69072576110405,4.45439964167217,1.59268563363589,4.79943565332599
16.7484662576687,15422,1.77836406605709,1.6931030434183,4.44811587610325,1.58973358584415,4.78913002233379
17.1900826446281,15422,1.77498178521235,1.70181118117716,4.42509803935301,1.57892004523639,4.75794749116796
17.3333333333333,15422,1.77388464734629,1.70463591044024,4.41763155698428,1.57541236937756,4.74783256066044
17.3943661971831,15422,1.77341720480477,1.70550690867844,4.4144504148483,1.57391790184615,4.74352303040899
17.5460122699387,15422,1.77225576781509,1.70767104540525,4.40530670901254,1.57020465429879,4.73281530187012
17.8082191780822,15422,1.77024756017389,1.71141299262238,4.38949658750656,1.56378418365374,4.71796544210085
18.1395348837209,15422,1.76839846192024,1.71614118949364,4.36951945723157,1.55567149593945,4.69920166580325
18.2644628099174,15422,1.76770122962418,1.71792403232216,4.36198675831589,1.55206252329493,4.6921264815588
18.3098591549296,15422,1.76744786915604,1.7185718822514,4.35924952406203,1.55075109379875,4.68955549911504
18.3435582822086,15422,1.7672597917533,1.71905280152402,4.35700679669351,1.54977757865128,4.68764697840526
19.1411042944785,15422,1.7628086265553,1.7304345576428,4.30392891563849,1.52673772016114,4.65292569516363
19.2253521126761,15422,1.76233843304847,1.73163685582436,4.29832209721719,1.52430393229246,4.65028927063463
19.3388429752066,15422,1.76170503187811,1.73325648064745,4.29026524546159,1.52102535855201,4.64673772354185
19.5,15422,1.7608056022162,1.73555634789625,4.27882451596864,1.51636978384058,4.64169452667011
19.5890410958904,15422,1.76030865706053,1.73635272324695,4.27250338232185,1.51379752566668,4.63890810282773
19.9386503067485,15422,1.75890252082545,1.73947959578958,4.24768420726696,1.503697861671,4.62796754295582
20.1408450704225,15422,1.75808928886555,1.74128800711045,4.23333015972201,1.49785677078618,4.62394586503807
20.7361963190184,15422,1.75569477253917,1.74661277377745,4.18944244898198,1.48065800318087,4.61210425783583
21.056338028169,15422,1.75440715526932,1.74947609170216,4.16584245358403,1.47140960927989,4.60912546572298
21.1627906976744,15422,1.75397900019999,1.75042819456167,4.1578766277358,1.46833435794195,4.60813496569362
21.3698630136986,15422,1.75314615061308,1.75228023026097,4.14238145964747,1.46204479797249,4.6062082396091
21.4876033057851,15422,1.75280525440141,1.75333328857595,4.13357098390799,1.45846858536176,4.60511271271145
21.5337423312884,15422,1.75267166700558,1.75374595176533,4.13011841251007,1.4570671707574,4.60468340730908
21.6666666666667,15422,1.75228680807949,1.75493481476331,4.12017171872085,1.45302976201627,4.60474760027274
21.9718309859155,15422,1.75140325871396,1.75612094666542,4.09733635128926,1.44376078138522,4.60489497285129
22.3312883435583,15422,1.75036251344905,1.75751810816975,4.07058333765177,1.43284271831061,4.60506856509106
22.5619834710744,15422,1.74969457646989,1.7584147885257,4.05341359620313,1.42583564528881,4.60725849754064
22.6744186046512,15422,1.74936904040729,1.75885180848656,4.0450454863343,1.4224205701649,4.60832581677769
22.887323943662,15422,1.74875261061739,1.75967934237175,4.02919976968128,1.41608645547472,4.6103468751139
23.1288343558282,15422,1.74805335989252,1.76061806025748,4.01166561329382,1.40890131555929,4.61263947441675
23.1506849315068,15422,1.74799009541152,1.76070299045166,4.01007921622022,1.40825124237166,4.61302722032042
23.6363636363636,15422,1.7469586763528,1.76259075704057,3.97481793581151,1.39380188833745,4.6216457542702
23.8028169014085,15422,1.74660518531389,1.76323773807809,3.96273308384045,1.38884976230694,4.62459952412153
23.8333333333333,15422,1.74654037862342,1.7633563512683,3.96061368241121,1.38794187253468,4.62514104859427
23.9263803680982,15422,1.74634277785556,1.76328414316276,3.95415145842141,1.38517364421067,4.62679219990074
24.1860465116279,15422,1.74579133385222,1.76308263217056,3.93611734496152,1.37744835586461,4.63335171042779
24.7107438016529,15422,1.7446770523744,1.7626754467359,3.89967651239176,1.36268071343514,4.64660625855887
24.7183098591549,15422,1.7446609845999,1.76266957518201,3.89915104096302,1.3624677662103,4.64679738718719
24.7239263803681,15422,1.74464905698816,1.76266521654385,3.89878560313036,1.36230968882253,4.64693926794809
24.9315068493151,15422,1.74420822552952,1.762504126054,3.88527942131525,1.35646732180629,4.65359461079174
25.5214723926381,15422,1.74324164846819,1.76204628992495,3.84689343089338,1.33986269976014,4.6725097957158
25.6338028169014,15422,1.74305761058222,1.76195911716172,3.83958467424028,1.33670115200488,4.67679709330866
25.6976744186047,15422,1.74295296578428,1.7619095503231,3.83578224697266,1.33490348124636,4.67923487066088
25.7851239669421,15422,1.74280969177717,1.76184168608399,3.83057616886796,1.33265416855033,4.68257254378499
26,15422,1.742457647074,1.76167493395361,3.81778409123926,1.3271272859258,4.69077368346139
26.319018404908,15422,1.74193497947787,1.7600975871276,3.79879217230586,1.31892173012741,4.70294960862511
26.5492957746479,15422,1.74155770181165,1.75895900931305,3.78508321673774,1.31299870569548,4.7129893357362
26.7123287671233,15422,1.74129059477031,1.75815291295854,3.77645207127164,1.30880529147187,4.72009731493714
26.8595041322314,15422,1.74108765382584,1.7574252226703,3.76866044599391,1.30501975542767,4.72651392680321
27.1165644171779,15422,1.74073319194306,1.75615422006256,3.75505139251803,1.29840784063145,4.7377213464245
27.2093023255814,15422,1.74060531511594,1.75569568900849,3.75014174591522,1.29602250464355,4.74220776635226
27.4647887323944,15422,1.74025302346264,1.75443246824543,3.73661601527425,1.29024060506501,4.75456753730819
27.9141104294479,15422,1.73963345122984,1.75221085299752,3.71622751418315,1.28007202911912,4.77630455780327
27.9338842975207,15422,1.73960618493116,1.75211308356616,3.71533025163513,1.27962452773968,4.77734318323516
28.1666666666667,15422,1.73928520000397,1.75096212009359,3.7047674775282,1.2743564420562,4.78957011262499
28.3802816901409,15422,1.73899064503829,1.74913785091055,3.69507444430114,1.26952213157526,4.80079027426441
28.4931506849315,15422,1.73883500934214,1.74817395134221,3.69143011429367,1.26696779922721,4.80671873540461
28.7116564417178,15422,1.7385525852478,1.74630791536805,3.68437496963026,1.26202280681517,4.81819578355606
28.7209302325581,15422,1.7385405986438,1.74622871732961,3.68407553616489,1.26181293213722,4.81871570035538
29.0082644628099,15422,1.73816921204536,1.74377488719652,3.67479804805203,1.25634990173004,4.83482452746829
29.5092024539878,15422,1.73752173730346,1.73949688406238,3.65862369160881,1.24682566413566,4.86290862829784
30.0826446280992,15422,1.73678054911207,1.73459969626409,3.64010830989091,1.23592291846842,4.89674889062496
30.2112676056338,15422,1.73661430073274,1.73350125791303,3.63595531306881,1.23347743455682,4.90433925543866
30.2325581395349,15422,1.73658678219115,1.73331943706422,3.63557932589947,1.23307264173424,4.90559566329428
30.2739726027397,15422,1.73653325297327,1.73296575815284,3.63484795359746,1.23245170842931,4.90803963473945
30.3067484662577,15422,1.73648953858357,1.73268585275672,3.63426913748115,1.23196029495485,4.90997382072981
30.3333333333333,15422,1.73645408135637,1.73245881837986,3.63379965329792,1.23156170402557,4.91160600212068
31.1042944785276,15422,1.73542582176763,1.72358850742736,3.6201846119842,1.22000256707646,4.95893926245588
31.1267605633803,15422,1.73539585791365,1.72333002337824,3.6197878647871,1.21966572967144,4.9603598484529
31.1570247933884,15422,1.7353554933831,1.72298181759305,3.6195757072308,1.21921197349773,4.96227353041582
31.7441860465116,15422,1.73457237455483,1.71622622046999,3.61545960394379,1.21040857610426,4.9994011857081
31.9018404907976,15422,1.73436210495168,1.7144123236834,3.6143544186597,1.20872381642394,5.00937006534995
32.0422535211268,15422,1.73417483086437,1.71279679837636,3.61337009870909,1.20722330552391,5.01843318368162
32.0547945205479,15422,1.73415810446643,1.71265250762291,3.61342300469439,1.2070892872901,5.01924265671617
32.2314049586777,15422,1.7338995632988,1.71062051221895,3.61416806088403,1.20520195612964,5.03064217779784
32.5,15422,1.73350636527304,1.70753018587542,3.61530116717245,1.20233163998978,5.04797894944287
32.6993865030675,15422,1.733214482076,1.70477805078605,3.61614230742336,1.20020091451173,5.06084857747384
32.9577464788732,15422,1.73283626722913,1.70121190390969,3.61723223563581,1.19743997445566,5.07773440651128
33.2558139534884,15422,1.73239992431682,1.69709767379247,3.62198760314648,1.1942547038753,5.09721542868694
33.3057851239669,15422,1.73232677119575,1.69640792092748,3.62278484303611,1.19394510207737,5.1004814324047
33.4969325153375,15422,1.73204694928785,1.69376951042858,3.62583440788999,1.19276082771537,5.11297439754595
33.8356164383562,15422,1.73155114769288,1.68909465082473,3.63123777008504,1.19066247479525,5.1352221974481
33.8732394366197,15422,1.73148903979851,1.68857533997823,3.63183800727572,1.19042937743543,5.13769361365713
34.2944785276074,15422,1.73079365999956,1.68276097007112,3.64368550551871,1.18781954503252,5.1653643779607
34.3801652892562,15422,1.7306522086377,1.68157823433024,3.6460954759602,1.18728866342196,5.17098212258195
34.6666666666667,15422,1.73017925331498,1.67762365123764,3.65415342841074,1.18551361311385,5.18976555587969
34.7674418604651,15422,1.73001289402995,1.67607046114333,3.65698776633665,1.18488924948803,5.19637251933616
34.7887323943662,15422,1.72997774770213,1.67574232239101,3.65758657012381,1.18485491064466,5.19776835668612
35.0920245398773,15422,1.72947707424688,1.67106785501136,3.66991972262513,1.18436574012746,5.21765261635855
35.4545454545454,15422,1.72887862617748,1.66548052868214,3.6846613695543,1.1837810413611,5.24121526153504
35.6164383561644,15422,1.72861137402595,1.6629853665132,3.69124462558021,1.18351992930928,5.25173775787414
35.7042253521127,15422,1.72844737700001,1.66163235604131,3.69481441934074,1.18337834037977,5.25744361856506
35.8895705521473,15422,1.72810112911615,1.65877573708708,3.70473119939358,1.18307940284147,5.26949043574685
36.2790697674419,15422,1.72737349614246,1.65277260972871,3.72557111350038,1.18245119160878,5.29442472100068
36.5289256198347,15422,1.72690673433722,1.64892172519737,3.73893949602461,1.1831957930125,5.31041955963262
36.6197183098592,15422,1.72673712230095,1.64752238969161,3.74379730263201,1.18346636648033,5.31623176860028
36.6871165644172,15422,1.72661121397955,1.6464836191628,3.74828477488933,1.18366722163129,5.32054635317136
36.8333333333333,15422,1.72633806287117,1.64423006421001,3.75802009664754,1.18410296572269,5.32970562852866
37.3972602739726,15422,1.72528457721408,1.63502102635089,3.79556715951827,1.18578353789088,5.36503100310098
37.4846625766872,15422,1.72510145885724,1.63359372955645,3.80138652993415,1.18604400758437,5.37050603693847
37.5352112676056,15422,1.72499555325826,1.63276825949135,3.80475213412713,1.18619464894759,5.3735841773543
37.603305785124,15422,1.72485288703815,1.6316562626268,3.8101883404675,1.18639757904846,5.37773076320372
37.7906976744186,15422,1.72446027844791,1.62859611621661,3.8251484431871,1.18695603010125,5.3891419103087
38.2822085889571,15422,1.72343050385109,1.62056964630717,3.86438735473754,1.19064807885675,5.41907225238815
38.4507042253521,15422,1.72307748518782,1.61781807942352,3.87783890825869,1.19191375594806,5.42897912784508
38.6776859504132,15422,1.72260193112077,1.61411142320836,3.89899354595694,1.19361875897189,5.44232475346061
39,15422,1.72192664434556,1.60884797138283,3.92903313148845,1.19603986326573,5.46127554183465
39.079754601227,15422,1.72175954884494,1.6075266111438,3.93646623956476,1.19663895042228,5.4659647962176
39.1780821917808,15422,1.7215535406935,1.60589753687651,3.94563034541226,1.19737755102625,5.47150727030311
39.3023255813954,15422,1.72126578325025,1.60383909419768,3.95720979698701,1.19831082155684,5.47851055151193
39.3661971830986,15422,1.72111785160689,1.60278088070786,3.96316261364163,1.1990721312115,5.48211082987984
39.7520661157025,15422,1.72022414886891,1.59638787193878,4.00430508635933,1.2036714482161,5.50386127192072
39.877300613497,15422,1.71993409594132,1.59431300875353,4.01765795432425,1.20516416531924,5.51092041935562
40.2816901408451,15422,1.71899749805207,1.58761315402043,4.06077514695226,1.20998423626162,5.53260779238598
40.6748466257669,15422,1.71808691677085,1.58109940636325,4.10797235916004,1.2146704163445,5.55369273838773
40.8139534883721,15422,1.7177647343574,1.57879470827192,4.12467170500763,1.21632848338378,5.56073216812217
40.8264462809917,15422,1.71773580006903,1.57858772987584,4.12617142587438,1.216530242748,5.56136435933248
40.958904109589,15422,1.71742901734028,1.57639319181329,4.14207257588627,1.21866944477416,5.56806731819249
41.1666666666667,15422,1.71690547384448,1.57295101822258,4.16701382414567,1.22202482276704,5.5785810332933
41.1971830985916,15422,1.71682857510164,1.57245816553452,4.17067722680751,1.22251766500744,5.58012530130609
41.4723926380369,15422,1.71613507110176,1.5680134204336,4.20739508546387,1.22696231588714,5.5940521355319
41.900826446281,15422,1.71505545532863,1.56109404157014,4.26455579307027,1.23388154807126,5.61432220376462
42.112676056338,15422,1.71452161281633,1.55767258489269,4.29282030764402,1.23730293221951,5.62434523642054
42.2699386503068,15422,1.7141253248164,1.55513273054931,4.31588821688753,1.2398427327222,5.63178564716512
42.3255813953488,15422,1.71398510995928,1.55423407776669,4.32405011833083,1.24074136645488,5.63422131184433
42.7397260273972,15422,1.71294150166201,1.54754547486405,4.38479851720106,1.24909005956696,5.6523497749819
42.9752066115702,15422,1.71230577177995,1.54374236842023,4.41933975556695,1.25383708507201,5.66265752922872
43.0281690140845,15422,1.71216278851863,1.54288700425087,4.42710849359731,1.25490474793868,5.66497586656152
43.0674846625767,15422,1.71205664757004,1.54225204066502,4.43339097035491,1.25569730749001,5.66669684090059
43.3333333333333,15422,1.71133893258433,1.53795847737026,4.47587247985851,1.26105651969426,5.67733312100561
43.8372093023256,15422,1.70997861232073,1.53034229733264,4.55638975949911,1.27121409631396,5.69749258213491
43.8650306748467,15422,1.70990350261292,1.52992177205449,4.56083549886578,1.27187927888992,5.69860568121567
43.943661971831,15422,1.70969122071574,1.52873324521202,4.57340045238093,1.2737592784708,5.70143946877769
44.0495867768595,15422,1.70940525419309,1.52713217186224,4.59169427283535,1.27629183988967,5.70525688508025
44.5205479452055,15422,1.70813379442899,1.52001350522683,4.6730319637795,1.28755207383033,5.72222982018675
44.6625766871166,15422,1.70772868614131,1.51786671408084,4.69756114089897,1.29094784606742,5.72734838363049
44.8591549295775,15422,1.70716798642569,1.51489539697465,4.73151132916561,1.29564784501962,5.73361606379416
45.1239669421487,15422,1.70641266366828,1.51089271360021,4.78059906962219,1.3019792485668,5.74205930236174
45.3488372093023,15422,1.70577126666897,1.50749375721979,4.82228287846176,1.30735568294108,5.74922904248757
45.4601226993866,15422,1.70545384729508,1.50581165610718,4.84291167547438,1.31040171112282,5.75277725743737
45.5,15422,1.70534010535277,1.5052089032085,4.85030366107056,1.31149320455461,5.75387642141454
45.774647887324,15422,1.70455672775009,1.50149836920006,4.90121466045841,1.31901067340172,5.76144671979254
46.198347107438,15422,1.70334821133824,1.49577412940742,4.98499696741139,1.33060787052123,5.77312541701479
46.2576687116565,15422,1.70317900844885,1.49497268566783,4.99672722467323,1.3322315797586,5.77476053698084
46.3013698630137,15422,1.70305435974494,1.49438227658113,5.00536869273216,1.33342773694412,5.77576994325523
46.6901408450704,15422,1.7018966876265,1.48912992250525,5.08224428798184,1.34406890289208,5.78474974942511
46.8604651162791,15422,1.70138950044182,1.48682881614343,5.1179748897625,1.34873089907634,5.78868388806218
47.0552147239264,15422,1.7008095801256,1.48419771983555,5.15882943520348,1.35467531986497,5.79318220148846
47.2727272727273,15422,1.70016187691528,1.48125909279038,5.20445918725441,1.36131454308345,5.79720754202404
47.6056338028169,15422,1.69917055650887,1.47676147581045,5.27429627255302,1.37147598331455,5.80336839185785
47.6666666666667,15422,1.69898881443436,1.47593691269746,5.28781190824701,1.37333891402359,5.80449788099405
47.8527607361964,15422,1.69843466835441,1.47381682997937,5.32902215941212,1.37901913833273,5.80794178345228
48.0821917808219,15422,1.69775147455722,1.47120302936803,5.37982931838281,1.38602215460427,5.81110972899043
48.3720930232558,15422,1.69685884368153,1.46790032006842,5.44402751150082,1.39487092710242,5.81511263691848
48.5211267605634,15422,1.69639995597783,1.46620244838623,5.4770308079629,1.3998411585346,5.81717046986741
48.6503067484663,15422,1.69600219967726,1.46473076118755,5.50709213629743,1.40414927324662,5.81895416556109
49.4366197183099,15422,1.6935810743694,1.45577266519562,5.6900741348553,1.43037258018938,5.82604802532949
49.4478527607363,15422,1.693546486865,1.45564469239574,5.69280967252095,1.43074719885999,5.82614936618333
49.8333333333333,15422,1.69235955900574,1.45125309247969,5.78668420674732,1.44360286290645,5.82775545733839
49.8630136986301,15422,1.69226817060657,1.45099109165468,5.79391214679404,1.44459269438476,5.82787911952935
49.8837209302325,15422,1.69220270314389,1.45080830038141,5.79895489566385,1.4452832744859,5.82796539547654
50.2453987730062,15422,1.69105923157188,1.44761562090296,5.88703284678243,1.45824603306477,5.8294723134007
50.3521126760564,15422,1.6907218475797,1.44667361327064,5.91302045460612,1.46207072564654,5.82939340910242
51.0429447852761,15422,1.68853773015666,1.4405753533351,6.08839988281077,1.48683057762331,5.82888260759255
51.2676056338028,15422,1.68782744806786,1.43859217937232,6.14543384320251,1.49488256200599,5.82760702026252
51.3953488372093,15422,1.68742357836854,1.43746453743302,6.17911984160984,1.49946095777708,5.82688171537369
51.5702479338843,15422,1.68687062178296,1.43592063097618,6.22524089177088,1.50610575086371,5.82588866708238
51.6438356164383,15422,1.68663796881642,1.43527104215383,6.24464603029263,1.50890150529351,5.82547084832968
51.8404907975461,15422,1.68600227477651,1.43353508576723,6.29650417961832,1.51637285884946,5.82435427257092
52,15422,1.68548665627748,1.43212703225366,6.33856690073801,1.52243295673372,5.82265851711
52.1830985915493,15422,1.68489478433845,1.43104926764768,6.38685016512191,1.52938926627693,5.8207119809119
52.638036809816,15422,1.68342418228134,1.42837138626471,6.51104792333814,1.5466733482708,5.8158754952663
52.6446280991735,15422,1.68340287573179,1.42833258826896,6.51284733989424,1.54692376553874,5.81577279161918
52.906976744186,15422,1.68255482550971,1.42678833781007,6.58446830351819,1.55689095516869,5.8116849476179
53.0985915492958,15422,1.68193542464328,1.42566044461777,6.63677898721133,1.5645182615349,5.80869925873971
53.4246575342466,15422,1.68088140612171,1.4237411377852,6.72864322199534,1.57749745258119,5.80361858877651
53.435582822086,15422,1.68084534445677,1.42367682877854,6.7317212591212,1.57793233817076,5.80344835396415
53.7190082644628,15422,1.67990982738046,1.42200851496114,6.81157215612967,1.58921420482897,5.7976345340344
54.0140845070423,15422,1.67893585390288,1.42027162158786,6.89470549256647,1.60095983639567,5.79158172478229
54.1666666666667,15422,1.67843221804482,1.41937348441621,6.93893664287385,1.6070334322058,5.78845185333141
54.2331288343559,15422,1.67821284291646,1.41919766127381,6.95820297214886,1.60967898620898,5.78708853509207
54.4186046511628,15422,1.67760063325592,1.41870699203919,7.01196947245113,1.61706192761321,5.78237609403758
54.793388429752,15422,1.67636356497492,1.41771551577586,7.12061335116117,1.63253530303941,5.77285384744399
54.9295774647888,15422,1.6759140387545,1.417355232852,7.16009239441076,1.63815802256048,5.76939365079448
55.0306748466258,15422,1.67558034137615,1.41708778356497,7.19016116864484,1.64233194318655,5.76682503855774
55.2054794520548,15422,1.67500335473718,1.41662534461509,7.24215223033414,1.64954895053999,5.76153733073961
55.8282208588958,15422,1.67290092167154,1.41497790585613,7.42737038760237,1.67525953923665,5.74269987163749
55.8450704225352,15422,1.67284403597333,1.41493333097496,7.43238184997471,1.67595519267433,5.742109755999
55.8677685950413,15422,1.67276740482614,1.41487328382098,7.4392896728937,1.67689231259451,5.74131480683311
55.9302325581395,15422,1.6725565206614,1.41470803777709,7.45829957317469,1.67947120849887,5.73912715602773
56.3333333333333,15422,1.67119561485164,1.41364164997387,7.58097679632139,1.696580502735,5.72500951616369
56.6257668711657,15422,1.67020833195591,1.41387999780503,7.66997422967786,1.70899261343085,5.7147677314157
56.7605633802817,15422,1.66975324637017,1.4139898636427,7.71099737437479,1.71471394486555,5.70941470792711
56.9421487603306,15422,1.66914019719268,1.4141378647298,7.76739705307588,1.7224211929966,5.70220361016975
56.986301369863,15422,1.66899113386528,1.4141738512955,7.78111067358196,1.7242952156586,5.70045022681094
57.4233128834357,15422,1.66747512895197,1.41453003734456,7.91684466795718,1.74284382441951,5.68309567577487
57.4418604651162,15422,1.66741078688297,1.41454515454315,7.92260547120683,1.74363106188436,5.68227398059258
57.6760563380282,15422,1.66659835498361,1.41473603579018,7.99534575449284,1.75377014106023,5.67189863226967
58.0165289256198,15422,1.66541724624939,1.4150135378285,8.10300107991679,1.76851027494851,5.65681501168003
58.2208588957056,15422,1.66470841998517,1.41518007688408,8.16760895210719,1.77735636484303,5.64776278293624
58.5,15422,1.66374007184679,1.41540759072291,8.25587164201883,1.78944126506988,5.63414673875157
58.5915492957747,15422,1.66342248483159,1.41581162636976,8.28481896285506,1.79340472329317,5.62968111460247
58.7671232876712,15422,1.66281341384353,1.41658648925412,8.34119813437816,1.80100587605017,5.62111690390558
58.953488372093,15422,1.66214432651784,1.41740897660148,8.40104247092845,1.80907420929224,5.61202632145489
59.0184049079755,15422,1.66191126337985,1.41769547355751,8.42188804419175,1.81192077929458,5.60885979955147
59.0909090909091,15422,1.66165095909587,1.41801545717074,8.4451701130312,1.81510006527122,5.60500788844176
59.5070422535212,15422,1.66015695915611,1.41985198283823,8.5787960715113,1.83334737563011,5.58290008876278
59.8159509202455,15422,1.65904791625603,1.42121529330305,8.67929729968399,1.84689292503762,5.56648877734464
60.1652892561983,15422,1.65779372288775,1.42275703253043,8.79295203194956,1.86221130292506,5.54645999892244
60.4225352112676,15422,1.65687015928863,1.4238923393067,8.87664516591397,1.87349145841965,5.53171119610343
60.4651162790697,15422,1.65671728487619,1.42408026286337,8.89064889116434,1.87535862506103,5.52926987580098
60.5479452054794,15422,1.65641991273144,1.42444581279553,8.91788901425414,1.87901413055117,5.52452100617153
60.6134969325154,15422,1.65617409577213,1.42473511304859,8.93944714847863,1.88190713796361,5.52076269830527
60.6666666666666,15422,1.65597471090514,1.42496976769829,8.95693319068285,1.88425368842036,5.51749885764706
61.2396694214876,15422,1.6538259682063,1.4295920323444,9.14537781080165,1.9095421330122,5.4823249054295
61.3380281690141,15422,1.65345712592965,1.43038546685672,9.17772525879741,1.91388301918774,5.47628712313863
61.4110429447854,15422,1.65318332276723,1.43097445812046,9.20194377590399,1.91710539481498,5.47180508843191
61.9767441860465,15422,1.65106196051958,1.43553782334994,9.3895831275831,1.94207160025606,5.43488202363268
62.2085889570553,15422,1.65019254976234,1.43740805500136,9.46648450122215,1.95228836712259,5.41974962002643
62.2535211267606,15422,1.65002405550854,1.43777051116367,9.48138820405696,1.95426840532094,5.41665046974546
62.3140495867768,15422,1.64979707564599,1.43825877855586,9.50159266068973,1.9569357295055,5.41247558135043
62.3287671232876,15422,1.64974188533694,1.4383775011067,9.50650538815866,1.95758429120791,5.41146045437767
62.8333333333333,15422,1.64774481581815,1.44244770589139,9.67493006155202,1.97981914823891,5.37665851799467
63.0061349693252,15422,1.64706086815545,1.44446837479623,9.73261140945905,1.98743404514343,5.36473970253907
63.1690140845071,15422,1.6464161937605,1.44637301395897,9.78698061062812,1.99461168361247,5.35293309988647
63.3884297520661,15422,1.64554774808795,1.44893876754184,9.86052680258174,2.00428073378151,5.33702833763545
63.8036809815952,15422,1.64390418663532,1.45379453897241,9.99971534356278,2.02257972316427,5.30692806196425
64.0845070422536,15422,1.64279267905781,1.45707839959783,10.0938457563657,2.034954961904,5.2856422333807
64.1095890410959,15422,1.64269340468239,1.45737169783451,10.1022698589837,2.03606025719966,5.28374108814283
64.4628099173554,15422,1.64120184062836,1.46150211267174,10.2209035024637,2.05162573805752,5.25696793537145
64.6012269938651,15422,1.64061733968387,1.4631207031486,10.2673926066189,2.05772540118511,5.24647630878696
65,15422,1.63893342029619,1.46778378523669,10.4013255019229,2.07529824019553,5.21291240711671
65,15422,1.63893342029619,1.46778378523669,10.4013255019229,2.07529824019553,5.21291240711671
65.5371900826446,15422,1.63666499996402,1.47595677018637,10.581722244834,2.09870344777979,5.16769822552785
65.8904109589041,15422,1.63517343590999,1.48133078768753,10.7003392812687,2.11409317331464,5.13796835270229
65.9154929577465,15422,1.63505928473699,1.48171239339037,10.7087622046306,2.11518598833208,5.13585725257794
66.5116279069767,15422,1.63234620336938,1.49078218474626,10.9084988552557,2.14115940572331,5.08568180311084
66.6115702479339,15422,1.63189135383667,1.49230274008574,10.9419848108505,2.145456115426,5.07726986235012
66.830985915493,15422,1.63089276692243,1.49564100154406,11.0155006323764,2.15488920873454,5.05880209803917
67.1666666666666,15422,1.62936504372376,1.50074815786708,11.1274766889157,2.16932075723301,5.03054854137496
67.6712328767123,15422,1.62706870262689,1.5101094835398,11.2957893915844,2.1910130100819,4.98808024387346
67.6859504132231,15422,1.62699588149517,1.51038254116759,11.3006988530138,2.1916457447299,4.98684149917239
67.7464788732395,15422,1.62669639177038,1.5115055387354,11.3208898774837,2.19424797736674,4.9817469435004
68.0232558139534,15422,1.6253269227672,1.51664064098589,11.4126140660975,2.20614713997647,4.95845119910497
68.5889570552148,15422,1.62252788064696,1.52713621807265,11.6000880919997,2.23005447549506,4.91083729208435
68.661971830986,15422,1.62216660968293,1.52849087694855,11.6242852705911,2.23314018331194,4.90420377649074
68.7603305785124,15422,1.62167993888015,1.53031574799624,11.6565988682045,2.2372969632636,4.89526771829438
69.3333333333333,15422,1.61884476948547,1.54094679163819,11.8448462881473,2.26151287108454,4.84320945105811
69.3865030674847,15422,1.61858169011679,1.5420973646022,11.862314031869,2.26375989934094,4.8383788909848
69.4520547945205,15422,1.61825734568965,1.54351587921535,11.8838496063204,2.26653020815019,4.83231665771761
69.5348837209302,15422,1.6178087888868,1.54530826589709,11.9110612236504,2.27003067587041,4.82465662653503
69.5774647887324,15422,1.61757819278393,1.54622970412081,11.9250502945313,2.27179368743025,4.82071872318059
69.8347107438016,15422,1.61618508740211,1.55179640942274,12.0086476410196,2.28244460850661,4.79692857977492
70.1840490797547,15422,1.614293259343,1.55935595906229,12.122172294515,2.29690849014154,4.7646217195672
70.4929577464789,15422,1.61262037657215,1.56604062593064,12.2225584982104,2.30969843596673,4.73563432467835
70.9090909090909,15422,1.61036682374862,1.57504559038965,12.3560298219725,2.32692786711968,4.69658518941484
70.9815950920246,15422,1.60997418018918,1.57661455352239,12.3792849483212,2.3299298048175,4.6897815363996
71.0465116279069,15422,1.6096226272348,1.57801932283891,12.4001063986567,2.33261758624461,4.6836196679239
71.2328767123288,15422,1.60861337442838,1.58205219287283,12.4598814821052,2.34015479546321,4.66592992026466
71.4084507042254,15422,1.60756815965618,1.58585154774047,12.516195410487,2.34725557785695,4.64926446159353
71.5,15422,1.60702315481067,1.58783263992145,12.5451119148434,2.35095812867654,4.64057461528644
71.7791411042945,15422,1.60536139157007,1.59464634085787,12.6332806428504,2.36224750142094,4.61407858084089
72.3239436619719,15422,1.6021181112011,1.60794471089473,12.8053604540512,2.38428108605287,4.56192977259011
72.5581395348837,15422,1.60072391275911,1.6136613202153,12.8780393484181,2.39375272768437,4.5395124114792
72.5766871165645,15422,1.60061349659694,1.61411405781905,12.8837952898571,2.39448357093857,4.53773702649439
73.013698630137,15422,1.59801191031029,1.62478129998956,13.0194147319813,2.41170343939353,4.49568080551785
73.0578512396694,15422,1.5977224056673,1.62585904408488,13.0331167789232,2.41344321535933,4.49143173691093
73.2394366197184,15422,1.59653176685386,1.63029145642059,13.089468859304,2.42059835031728,4.47395669418947
73.3742331288344,15422,1.59564791840952,1.63358177478023,13.1304727443001,2.42590983086888,4.4609844232122
73.6666666666667,15422,1.59373045831223,1.640719937666,13.2194283948057,2.43743279284333,4.43277554817278
74.0697674418604,15422,1.59108736320983,1.65152583274757,13.3420480229868,2.45331645290112,4.39389143289647
74.1322314049587,15422,1.59067779268776,1.65320029996063,13.3610489984281,2.45570924789163,4.38786600181025
74.1549295774648,15422,1.59052896283608,1.65380876832819,13.3679535782364,2.45657874240931,4.38567647896484
74.1717791411043,15422,1.59041848178054,1.6542604534354,13.3729654853543,2.45722419539482,4.38405112765016
74.7945205479452,15422,1.58633522304284,1.6709542400004,13.5582000799305,2.48107943039373,4.32413214041885
75.0704225352113,15422,1.58434350046267,1.67835032581979,13.6402671983083,2.49164835462231,4.29758537884095
75.2066115702479,15422,1.58336035866315,1.68200113602515,13.6786857866629,2.49686532172838,4.28448153033857
75.5813953488371,15422,1.58065481340089,1.69204793930347,13.7844113592668,2.51122209167143,4.24842055190177
75.7668711656442,15422,1.57931587280075,1.6970199769177,13.8367336262814,2.51811664488166,4.23057442351382
75.8333333333333,15422,1.57883608575237,1.69880162372946,13.8554824386283,2.52058719311532,4.22423492796894
76.2809917355372,15422,1.57560446224468,1.7116876290493,13.9817657614607,2.53722766262307,4.18153501995998
76.5644171779141,15422,1.57355842822017,1.71984613057695,14.0617193744441,2.54776322368565,4.15450047697517
76.5753424657535,15422,1.57347955911633,1.72016061884865,14.0648013709943,2.54816934120351,4.15346873815623
77.0930232558139,15422,1.56937583925291,1.73506224335041,14.2108378354357,2.5674127003348,4.10458111388698
77.3553719008264,15422,1.56729616898824,1.74261404181692,14.2848457362584,2.57686172487877,4.07980599719119
77.3619631901841,15422,1.56724391901957,1.74280377441059,14.2867051226069,2.57709912368414,4.07918354319298
77.8169014084508,15422,1.56363756730868,1.75589933180864,14.4150420634603,2.5934846567224,4.03678718901817
78,15422,1.5621861220522,1.76116988947749,14.4635650223367,2.60007932804397,4.01972396499227
78.159509202454,15422,1.56092167281036,1.76600448806704,14.5058365570635,2.60582437913392,4.00485907044209
78.3561643835617,15422,1.55936276278617,1.77196495208155,14.5579521478226,2.61290731883387,3.98683505061436
78.4297520661157,15422,1.55872515645181,1.7741953369171,14.5774536200304,2.61555773015409,3.98009052528856
78.6046511627906,15422,1.55720972930362,1.77949639110764,14.6238036307196,2.62185707985007,3.96406051393282
78.7323943661972,15422,1.55610288814709,1.78336818722669,14.6576568578427,2.62630958541856,3.95235247746977
78.9570552147239,15422,1.55415629633807,1.79017748101478,14.7150968948068,2.63414016780895,3.93176165669631
79.5041322314049,15422,1.54941610397006,1.80675895551613,14.85497050548,2.65320860666289,3.88262205088944
79.6478873239437,15422,1.54817052652532,1.81111605941319,14.8917250084713,2.65821920865939,3.86970966677405
79.7546012269939,15422,1.54724589541603,1.81435047396253,14.9179674003339,2.66193873529483,3.8601244000381
80.1162790697674,15422,1.54411210895139,1.82531264518302,15.0069088728771,2.67454506241051,3.82840462870878
80.1369863013699,15422,1.54393268949451,1.82594026510186,15.0120010611541,2.67524282959143,3.82658856874155
80.1666666666667,15422,1.54365341819846,1.8268398536522,15.0192998643511,2.67624296255075,3.8239855494552
80.5521472392638,15422,1.54002631799147,1.83892671736912,15.1140947500445,2.68923241945186,3.79017823761958
80.5633802816902,15422,1.53992062298786,1.83927893292182,15.1168571070827,2.68961093689435,3.78922011135978
80.5785123966942,15422,1.53977824046235,1.83975340511265,15.1204247049497,2.69012084055653,3.78792941234865
81.3496932515337,15422,1.53252197273563,1.86393402161103,15.3022408735463,2.71610715786795,3.72215127317386
81.4788732394367,15422,1.53130648019419,1.86798450046711,15.3326967780368,2.72046010845647,3.71148005386241
81.6279069767441,15422,1.52990417787895,1.87265749983495,15.3662684222021,2.72548206661774,3.69916876848896
81.6528925619834,15422,1.52966908115077,1.87344093066167,15.3718967261826,2.7262953038838,3.69710477495527
81.9178082191781,15422,1.52717641173147,1.88174744381074,15.4315721683868,2.7349178469513,3.6752207887214
82.1472392638037,15422,1.52485144190137,1.88894132585293,15.4832542742631,2.74238542770607,3.65626809307714
82.3333333333333,15422,1.52296563303917,1.89477636350938,15.525174204585,2.74844246542939,3.64144698791687
82.3943661971832,15422,1.52234714844252,1.89672418206474,15.5389225921956,2.75042897880746,3.63658614256249
82.7272727272727,15422,1.51897359609713,1.90734864691215,15.6103143698709,2.7612645063242,3.61007244062955
82.9447852760736,15422,1.51676940392054,1.91429039848423,15.6569599178612,2.768344160806,3.5927490709617
83.1395348837209,15422,1.51479588301824,1.92050568768249,15.6987239550153,2.77468292121413,3.57786851733693
83.3098591549296,15422,1.51306987949269,1.92594146039512,15.7352499808027,2.78003300979553,3.56485427057185
83.6986301369864,15422,1.50913021733591,1.93834879776829,15.8143140660813,2.79224477020479,3.53514880663721
83.7423312883435,15422,1.50865807458499,1.93974348758185,15.8232015389564,2.79361747551103,3.53180966087928
83.801652892562,15422,1.50801717006565,1.94163669255606,15.8352657325081,2.79548083787922,3.52748445561668
84.2253521126761,15422,1.50343956720768,1.9551587387255,15.921433149362,2.80878973592056,3.49659206622938
84.5,15422,1.50047229964082,1.96392392222461,15.9741833020086,2.81741675375806,3.47656717810869
84.5398773006135,15422,1.5000414693806,1.96519967351927,15.981842322127,2.81866934735001,3.4736596790155
84.6511627906976,15422,1.49883915237534,1.96875990969043,16.0032163317598,2.82216495737405,3.46596333877448
84.8760330578512,15422,1.49640967710437,1.97595394063132,16.0464059627947,2.82897452282229,3.4504116429982
85.1408450704226,15422,1.49354867531814,1.98442578457972,16.0972669915173,2.83699361202386,3.43209763506134
85.3374233128834,15422,1.49142486417621,1.99071469941257,16.1327655829253,2.84294643284219,3.41850257395485
85.4794520547946,15422,1.4898904002357,1.995258471147,16.1584134888897,2.84724737500683,3.40924801847592
85.9504132231405,15422,1.48453091419057,2.01032542179338,16.2434608363217,2.8615091132972,3.3785603125776
86.0563380281691,15422,1.48332550161616,2.01371415937274,16.2625890029316,2.86471674897783,3.37165828013303
86.1349693251533,15422,1.48243068614681,2.01622972530588,16.2749556475008,2.86709787730516,3.36653468549628
86.1627906976743,15422,1.48211408200234,2.01711978434867,16.2793312210776,2.86794036955387,3.3648396787471
86.6666666666667,15422,1.4763800291636,2.03323974256808,16.3585777203021,2.88262952800269,3.33414122317861
86.9325153374233,15422,1.47335470067199,2.04164344616076,16.4003887567027,2.89037963614132,3.31794449201979
87.0247933884297,15422,1.47230458665011,2.04456043418467,16.4149016784285,2.89306975632168,3.3127341032708
87.2602739726028,15422,1.46962484362755,2.0520041766175,16.4519366097994,2.89993456398348,3.29943792532815
87.6744186046511,15422,1.46468254055152,2.06509564223336,16.517070718751,2.91200784490032,3.27605365888835
87.7300613496932,15422,1.46401851332842,2.06685455693881,16.5258218659047,2.91356621114515,3.27291184640349
88.099173553719,15422,1.45961361648759,2.07852250903443,16.5838735528081,2.9239038032045,3.25379564664252
88.5276073619631,15422,1.45450078979734,2.09206566771685,16.6512549751066,2.93590279398767,3.2316072004914
88.8028169014085,15422,1.4512165049169,2.10076527636562,16.6945382310989,2.94361048806713,3.21869591361399
88.8333333333334,15422,1.45085232911043,2.10172992684844,16.698623853473,2.94446515074397,3.21726425391262
89.1735537190082,15422,1.4467922203259,2.1122127208919,16.7441734781234,2.95399358009153,3.20130302302707
89.1860465116278,15422,1.44664313432402,2.11259764600977,16.74584604696,2.95434346121812,3.20071693131769
89.3251533742331,15422,1.44498306626627,2.1168837753898,16.7644700496498,2.95807481633568,3.19419081811198
89.718309859155,15422,1.44029123072278,2.12899762462348,16.8171069023226,2.96862071202005,3.1777364596436
90.122699386503,15422,1.4354653427352,2.14145758383525,16.8665573569799,2.97946791900968,3.16081197664756
90.2479338842975,15422,1.4339708241642,2.14531628102917,16.8818715588469,2.982827166537,3.15622625292545
90.6338028169015,15422,1.42936595652866,2.15720558783903,16.9290572371718,2.99317758339936,3.1420968528877
90.6976744186046,15422,1.42860372809651,2.15917358527267,16.9361362114308,2.99489085349558,3.1397580602686
90.8219178082193,15422,1.4271210371737,2.16300174466415,16.9499062709484,2.99806837093346,3.1352086280506
90.9202453987729,15422,1.42593783012444,2.16603139228071,16.9608040481126,3.00058309332293,3.13160815715416
91,15422,1.42497811774004,2.16848877312526,16.9696433562569,3.0026228125944,3.12911776374197
91.3223140495868,15422,1.42109961066589,2.17804698653165,17.0053658495013,3.01086597560056,3.11905328127455
91.549295774648,15422,1.41836826765592,2.18477812273333,17.0305225348846,3.0166710199711,3.1119656175651
91.7177914110429,15422,1.41634070628043,2.18977485574194,17.0463774972201,3.02098028603757,3.10670422303233
92.2093023255813,15422,1.4104261997254,2.20435059706861,17.0926272826994,3.03355064898962,3.09407504051434
92.396694214876,15422,1.40817125375205,2.20990769788628,17.1102603289332,3.03809013517302,3.08926007852206
92.5153374233128,15422,1.40674358243641,2.21342605864937,17.1214243189413,3.04096421476888,3.08621158724842
92.6027397260275,15422,1.40569184283707,2.21601797129676,17.129648628171,3.04308149715001,3.08445989200002
93.1666666666667,15422,1.39910260819684,2.23274120769044,17.1827125566802,3.05674237951323,3.07315780828276
93.3128834355827,15422,1.39739413050356,2.23686770153957,17.1964711406624,3.06028441649665,3.0702273681068
93.3802816901409,15422,1.39660661197656,2.23876979857631,17.2028131255966,3.06191710960041,3.06926450885039
93.4710743801653,15422,1.39554573991127,2.24133212764232,17.2098920885245,3.06411652262448,3.06796743398432
93.720930232558,15422,1.39262628577811,2.24838349832785,17.2293729554967,3.070169170869,3.06439796439164
94.1104294478527,15422,1.38807516126745,2.25937584980758,17.2597415953594,3.07902195651922,3.05883353357263
94.2957746478874,15422,1.38590948531822,2.2646066166586,17.2741926684531,3.08323459999261,3.0572677766635
94.3835616438357,15422,1.38488373344687,2.26708411976238,17.2801385291702,3.08522987861575,3.05652617075511
94.5454545454545,15422,1.38311466873574,2.27165302159012,17.2911036229602,3.08890948334933,3.0551585338851
94.9079754601226,15422,1.37915326616172,2.28188399807558,17.3156573605881,3.09714908904109,3.05209603414549
95.2112676056339,15422,1.37583907865612,2.29044343474088,17.3361995016458,3.10404250563392,3.05132325997263
95.2325581395348,15422,1.37560642897335,2.29104429097535,17.3374336076324,3.10452641041627,3.05126901269004
95.3333333333334,15422,1.37450522047486,2.29388834381852,17.3432750426356,3.10664620090777,3.05101224221911
95.6198347107438,15422,1.37137451201636,2.30151384107036,17.3598820975206,3.11267271271831,3.05028225013646
95.7055214723925,15422,1.37043818049886,2.30379447291715,17.3648489314203,3.11447512039171,3.05006392428352
96.1267605633804,15422,1.36583514229665,2.31500613814449,17.3892660590691,3.12333581900281,3.0514923827844
96.1643835616439,15422,1.36542402162434,2.31600750879219,17.3910999337588,3.12412721290616,3.05161996565324
96.5030674846625,15422,1.3621478594542,2.32502189241424,17.4076085562212,3.13125137642872,3.05276847237851
96.694214876033,15422,1.36029884977299,2.33010945576478,17.4169257393065,3.13527213200783,3.05455491717345
96.7441860465115,15422,1.35981546793171,2.33143948435522,17.4193615064964,3.13632326778874,3.05502194283756
97.0422535211268,15422,1.35693219737141,2.33937282390523,17.4338903431855,3.142010973559,3.05780765225661
97.3006134969324,15422,1.35443302595674,2.34624931191132,17.4442608021004,3.14694098320561,3.06022225928153
97.5,15422,1.35250431758238,2.3515561667856,17.4522640910457,3.15074566456332,3.06327126080598
97.7685950413223,15422,1.34990614018552,2.35826168476556,17.4630453811124,3.15587097911958,3.06737859343808
97.9452054794522,15422,1.3481977495684,2.36267079247842,17.4701344485536,3.15924104896479,3.07007930530577
97.9577464788733,15422,1.34809963034124,2.3629838805261,17.4706378389059,3.15948035556765,3.07027108120717
98.0981595092023,15422,1.34700105617216,2.36648931418883,17.4751632359245,3.16215970863645,3.07241826537931
98.2558139534883,15422,1.3457675873144,2.37042518249666,17.4802443096003,3.1651680613379,3.07576107438298
98.8429752066115,15422,1.3411737103483,2.38508375668543,17.49916803611,3.17503194129679,3.08821088467815
98.8732394366198,15422,1.3409369267588,2.38583930800712,17.5001434274674,3.17554035824403,3.08885258901461
98.8957055214723,15422,1.34076115489174,2.38640017739315,17.5007071053287,3.17591777205149,3.08932894622142
99.6666666666667,15422,1.33472925032067,2.40564734515732,17.5200506506009,3.18886935587743,3.11018608501545
99.6932515337422,15422,1.33452125361133,2.40627003010441,17.5207176694034,3.18931596221625,3.110905296698
99.7260273972604,15422,1.33426481931213,2.40703772387481,17.5215400213517,3.18986657277097,3.11198080109816
99.767441860465,15422,1.33404651922159,2.40800775553817,17.5225791172243,3.19056230548739,3.11333977177432
99.7887323943663,15422,1.33393429452715,2.40850643378765,17.5231133003138,3.19086263579278,3.11403839754446
99.9173553719008,15422,1.33325630897648,2.41151910982374,17.5255317361421,3.19267702796831,3.11825902099877
100.490797546012,15422,1.33023363359106,2.42495057851729,17.5363138928447,3.20076616580177,3.13707590376836
100.704225352113,15422,1.32910863266649,2.42994959851511,17.5403268729742,3.20377683892451,3.14528339102845
100.99173553719,15422,1.32759313555322,2.43668381553695,17.5441933968318,3.20783253908158,3.15633975816391
101.279069767442,15422,1.32607856591677,2.44341391125094,17.5480575543957,3.21188575717001,3.16738935885682
101.288343558282,15422,1.32602968276766,2.44363112693016,17.5481822711376,3.21198695332739,3.16774598774022
101.506849315069,15422,1.32487791541878,2.44874908539945,17.5511208025896,3.21437130114519,3.17734884920861
101.619718309859,15422,1.32466389951939,2.45139276324256,17.5526386989418,3.21560293433134,3.1823092005375
101.833333333333,15422,1.32425885461352,2.45639616834563,17.5545850920179,3.21793391417625,3.19169712471922
102.066115702479,15422,1.32381746565469,2.46155646377662,17.5567061319343,3.22047404923748,3.2019274128181
102.085889570552,15422,1.32377997154776,2.46199480883447,17.5568863052165,3.22068982286231,3.20279643209975
102.535211267606,15422,1.32292799277992,2.4719553256419,17.5609803835535,3.2255928479524,3.2249295981799
102.790697674418,15422,1.32244355368983,2.47761892182658,17.5624823689438,3.22838073082339,3.23751461935802
102.883435582822,15422,1.32226770923484,2.47967472616765,17.5630275681396,3.22904054377557,3.242082801892
103.140495867769,15422,1.32178028584473,2.48537321191968,17.5645388062412,3.23086947984301,3.25605561512892
103.287671232877,15422,1.32150122011734,2.48863578015845,17.5654040391549,3.23191660516437,3.2640555046885
103.450704225352,15422,1.32189750962356,2.49224987863703,17.5663624978686,3.23307655455204,3.27291735417949
103.680981595092,15422,1.32245725218708,2.49735464350084,17.5672463861011,3.23471493516427,3.28543435065261
104,15422,1.32323270042143,2.50442661043412,17.5684708946767,3.23698469171975,3.30432181674741
104.214876033058,15422,1.32375500646357,2.50902696512885,17.5692956669818,3.23851349468894,3.3170435397782
104.302325581395,15422,1.32396757287607,2.51089920250461,17.5696313301292,3.23913568194384,3.32222098519769
104.366197183099,15422,1.32412282762001,2.51226665153359,17.5698764925487,3.23913083848944,3.32600249965903
104.478527607362,15422,1.32439587277295,2.51467157211624,17.5702225194429,3.23912232034877,3.33265301588957
105.068493150685,15422,1.32582992087756,2.52730234679284,17.5720398716515,3.23907758260726,3.3702750283587
105.276073619632,15422,1.32745956014992,2.53174650825312,17.5726793103915,3.23906184155006,3.38351240311633
105.281690140845,15422,1.32750365342897,2.53186675428226,17.5726966117363,3.23906141564303,3.38389440561859
105.289256198347,15422,1.32756305181315,2.53202873860249,17.5727245885561,3.2390608419005,3.38440900403069
106.073619631902,15422,1.33372080577527,2.54882144438999,17.5756249094225,3.23900136275135,3.43775675843524
106.166666666667,15422,1.33445128443157,2.55081352027264,17.5759689670939,3.2389943068915,3.44444679507953
106.197183098592,15422,1.33469085791442,2.55146610361866,17.5760818069338,3.23899199279662,3.44664091172542
106.363636363636,15422,1.33599762236632,2.55502564914243,17.5770446876519,3.23897937046091,3.45860882070304
106.849315068493,15422,1.33981051042461,2.56541172032824,17.5798541889251,3.23894254090603,3.49352888388444
106.871165644172,15422,1.34012770513342,2.56587898733455,17.5799805877554,3.23894088395264,3.49509992967174
107.112676056338,15422,1.34363360017206,2.57104360399941,17.5813776508831,3.23892256995021,3.5133066100567
107.325581395349,15422,1.34672424858361,2.57559651106469,17.5833870928741,3.23890642510221,3.52935684749716
107.438016528926,15422,1.3483564174555,2.57800089752314,17.5844482775289,3.23788484478167,3.53783296462485
107.668711656442,15422,1.35170531200517,2.582934233065,17.5866256230032,3.23578875973409,3.5552243160592
108.028169014085,15422,1.35692338834175,2.59062110438015,17.5900182514445,3.23252274713681,3.58341833990852
108.333333333333,15422,1.36135331773164,2.5971469378404,17.5945215561216,3.22975003852558,3.60735389140555
108.466257668711,15422,1.36328291887693,2.60011948992858,17.5964831182815,3.22854229428388,3.61777980647483
108.512396694215,15422,1.36395269778687,2.60115128486829,17.5971639910974,3.22812307727436,3.62151716431169
108.630136986302,15422,1.36566187919305,2.60378428017431,17.5989014825884,3.22705329453382,3.63105437491689
108.837209302325,15422,1.37034040489392,2.60841498412819,17.6019572452396,3.22517184523726,3.64782766682415
108.943661971831,15422,1.37274556247256,2.61079555728759,17.6035281654758,3.22341034529471,3.65645055632582
109.263803680981,15422,1.37997874188999,2.61795480245775,17.6105206832209,3.21811287736932,3.68238270622586
109.586776859504,15422,1.38727589462112,2.62517736703569,17.6175750457655,3.21276855638557,3.70920390756378
109.859154929578,15422,1.39342991764875,2.63126848645841,17.6235243127117,3.20826144578876,3.73182345476858
110.061349693251,15422,1.39799824149133,2.63579011498693,17.6297511149787,3.20491567657273,3.74861465238683
110.348837209302,15422,1.40449364251041,2.64221912299163,17.638604598047,3.20015854605303,3.7729124759253
110.41095890411,15422,1.40589720022069,2.64360833417781,17.640517701547,3.19858684585391,3.77816286731302
110.5,15422,1.40876967053373,2.64559953687798,17.6432598165635,3.19633407556853,3.78568842830199
110.661157024793,15422,1.41396860440609,2.64957126342502,17.6482228181225,3.19225674753135,3.79930907174486
110.774647887324,15422,1.41762982544298,2.65236825395112,17.6517178896429,3.18938538975867,3.80890107416948
110.858895705521,15422,1.42034766437218,2.65444454753183,17.6557810995799,3.187253891044,3.81602151768709
111.656441717791,15422,1.44607653956874,2.67410012676261,17.6942461536502,3.16707570321169,3.88411230294965
111.735537190083,15422,1.44862816355519,2.67604944040535,17.6980608697564,3.16507456061673,3.89088047304529
111.860465116279,15422,1.45265834485158,2.67912829819375,17.704086051203,3.16191384120807,3.90157050914584
112.191780821918,15422,1.46334660648152,2.68729359775316,17.7200651625467,3.15014474208913,3.92992107064004
112.453987730061,15422,1.47480683531738,2.69375570599341,17.7327112077205,3.14083054708092,3.95235801808017
112.605633802817,15422,1.48143480217055,2.69749303443871,17.7400249856071,3.13544372831295,3.96525575332825
112.666666666667,15422,1.48410235426207,2.6989971937883,17.7442932869875,3.13327570001867,3.97044669368736
112.809917355372,15422,1.49036338561736,2.70308945752502,17.7543114489051,3.12818710468338,3.98263038841447
113.251533742331,15422,1.50966503135989,2.71570517855386,17.7851956597247,3.11249987059756,4.02019055160696
113.372093023256,15422,1.51493429355237,2.71914921346854,17.793626909919,3.10821732647798,4.03028988536442
113.521126760563,15422,1.52144808354329,2.72340668241508,17.804049506313,3.10115245488919,4.04277454388801
113.884297520661,15422,1.53732112078205,2.73378143555042,17.8358039981497,3.08393652223366,4.07319760786986
113.972602739726,15422,1.54118066065861,2.73630406388128,17.8435251245895,3.07975045641673,4.08059499671478
114.049079754601,15422,1.54555046247997,2.73848879414327,17.8502120306165,3.07612510084727,4.08700152877165
114.43661971831,15422,1.56769401557278,2.74955970594378,17.8840972878181,3.05775395798668,4.1186538839022
114.833333333333,15422,1.5903617397291,2.7608926828062,17.9266862978146,3.03894794266227,4.1510554976807
114.846625766871,15422,1.59112125290282,2.76135127062602,17.9281133009811,3.0383178213371,4.15214115817069
114.883720930232,15422,1.5932408245504,2.76263105058832,17.9320956353992,3.03655934322035,4.15506096788122
114.95867768595,15422,1.59752376064816,2.76521705224766,17.9401425838721,3.03197551018788,4.16096091394917
115.352112676056,15422,1.62000414824126,2.77879052574602,17.9823796185795,3.00791576685299,4.19192870598671
115.644171779141,15422,1.63669204332566,2.78886653981533,18.0202898289002,2.99005546658603,4.21491706694704
115.753424657534,15422,1.64293461735619,2.79263575477277,18.0344712036778,2.9833743215968,4.22309186935613
116.03305785124,15422,1.66328485163311,2.8022830760316,18.0707684910218,2.9662739033888,4.24401530990241
116.267605633803,15422,1.68035400662522,2.8103749544633,18.1012135470853,2.95193059486227,4.26156525280682
116.395348837209,15422,1.68965048563816,2.81478208405176,18.1210010236409,2.94411871039846,4.27112358630163
116.441717791411,15422,1.69302497444143,2.81638180900462,18.1281835943742,2.94054880287594,4.27459312453339
117,15422,1.73365381963287,2.83564249743715,18.214661746004,2.89756711630464,4.31364971582184
117.107438016529,15422,1.74147259385505,2.84024634705998,18.2313039404735,2.88929555206482,4.32116591934016
117.183098591549,15422,1.74697877288476,2.84348849468169,18.2430237957337,2.88347050682552,4.3264590204094
117.239263803681,15422,1.75106618185771,2.8458952423027,18.2532888803333,2.8791463934884,4.33038825494544
117.534246575343,15422,1.77253347775146,2.85853561268494,18.3072016671223,2.85643591330391,4.34928344032055
117.906976744186,15422,1.80639532031908,2.87450755355548,18.3753240256227,2.82773972516394,4.37315875207348
118.036809815951,15422,1.81819041340161,2.88007105852129,18.3990530816511,2.81538611716193,4.38147523762614
118.098591549296,15422,1.82380316896305,2.88271848090444,18.4103446747111,2.80950758941043,4.38500021545265
118.181818181818,15422,1.83136415372757,2.88628484328832,18.4281153402712,2.80158858095187,4.38974873930154
118.834355828221,15422,1.89064598519429,2.91424687473988,18.5674460800622,2.73949966800666,4.42697949684085
119.014084507042,15422,1.90697400137295,2.92194846712718,18.6058219958735,2.72239849636599,4.43576786479163
119.166666666667,15422,1.92083580677462,2.92848679816431,18.6463700131998,2.7078803141919,4.44322882299984
119.256198347107,15422,1.92896959341525,2.93332752908417,18.6701626514653,2.69936138085016,4.4476067406261
119.315068493151,15422,1.93431783668582,2.93651047544245,18.6858071259417,2.69375989043356,4.45048537139412
119.418604651163,15422,1.94587322537821,2.94210838982252,18.7133213906452,2.68390843199755,4.45554807957615
119.631901840491,15422,1.96967874392372,2.95364078030616,18.7700041519183,2.65918974336859,4.46597787962236
120.330578512397,15422,2.04765614495181,2.99141630012257,18.9556743106557,2.5782211607089,4.49359004094826
120.42944785276,15422,2.05869068283308,2.99676189254939,18.9819483897221,2.56676334240808,4.49749742226794
120.845070422535,15422,2.10507718620846,3.01923345808463,19.0923982037889,2.51859747148496,4.50949203178028
120.930232558139,15422,2.11458190028785,3.02383793977191,19.120022877623,2.50872816040961,4.5119497581794
121.095890410959,15422,2.13307052219579,3.03279460278008,19.1737585445334,2.48562308323575,4.51673054103799
121.22699386503,15422,2.15081090295311,3.03988300479265,19.2162855447261,2.46733747001235,4.52051410538619
121.333333333333,15422,2.16520032290075,3.04563248642509,19.2507796671047,2.45250580595333,4.52230577100062
121.404958677686,15422,2.17489237022083,3.05054841761288,19.2740133115168,2.44251588346724,4.52351255403845
121.760563380282,15422,2.2230113375495,3.07495497738329,19.3893634475059,2.39291802887107,4.52950397686708
122.0245398773,15422,2.2587315525603,3.09307273034167,19.4864943474854,2.35609998956967,4.53395159749445
122.441860465116,15422,2.31520165991294,3.12171509585483,19.6400486401298,2.29789433119848,4.53537924325378
122.479338842975,15422,2.32027308002229,3.12428738542984,19.6538389154472,2.29166559235722,4.53550745606853
122.676056338028,15422,2.34689208322543,3.13778888657945,19.7262216750944,2.25897202416682,4.53618042286144
122.82208588957,15422,2.36665220216755,3.14781147332237,19.7868324986274,2.2347025655716,4.53667998716783
122.876712328767,15422,2.37404402748314,3.15156070229366,19.809505672868,2.22562389560178,4.53605221433018
123.5,15422,2.47517467522769,3.19433940485596,20.0682065909526,2.12203627124649,4.52888932625268
